INSERT INTO posts (user_id, hidden, title, content) VALUES
(1, 0, 'Zone 01 Oujda: Empowering the Future of Technology', 'Zone 01 Oujda is a cutting-edge coding education center located in Oujda, Morocco. Opened in 2024, it offers a transformative program designed to equip individuals with in-demand digital skills. The center’s curriculum spans 18 months, during which students work on over 60 projects, learning programming languages like GO, JavaScript, Rust, and more. What makes Zone 01 Oujda unique is its hands-on, peer-driven learning approach and its 24/7 access to the campus, fostering an environment of collaboration and innovation. With a focus on youth empowerment, Zone 01 guarantees employment for its graduates, ensuring a smooth transition into the tech industry. This initiative is part of Morocco’s broader push to enhance digital literacy and create opportunities for economic growth. Zone 01 Oujda is not just a learning space—it’s a community dedicated to shaping the future of technology in Morocco!'),
(11, 0, 'Berkane is the best city in the world', 'Berkane, a charming city in northeastern Morocco, is known for its welcoming people, rich history, and beautiful landscapes. Nestled between the Mediterranean coast and the Atlas Mountains, it offers a unique blend of urban life and nature. The vibrant culture, delicious local cuisine, and historic sites make Berkane a must-visit. Whether you’re exploring the bustling souks or relaxing in the serene countryside, Berkane has something for everyone. Truly, it’s one of the hidden gems of Morocco!'),
(2, 0, 'Match Raja vs Wydad', 'Derby lyoum kan 🔥! Raja 2-1 Wydad. Match of the season! First half kant boring chwiya, walkin second half everything changed! Goal lwal dyal Raja ja f minute 63 from a beautiful free kick. Wydad jawbo quickly b goal f minute 70. Drama kant f last minute when Raja scored the winning goal! Atmosphere f stadium kant incredible - 45,000 fans singing w supporting. Referee made some controversial decisions, especially yellow card f minute 55. Player of the match definitely kan number 10 - controlled midfield completely. Defensive line dyal both teams kant solid. Chno raykom f l match? W who deserved to win? Next derby ghadi tkoun more exciting!'),
(3, 0, 'Business Opportunities f Casa', 'New startup ecosystem f Casablanca is booming! Past year, more than 100 new startups launched f different sectors. Digital transformation kant the main focus, especially f finance w e-commerce. Investment opportunities kaynin especially f tech sector. Ana personally attended 3 startup weekends had lam. Chi had interested f digital marketing collaboration? Looking for partners f new project focused on AI solutions for local businesses. Funding opportunities available through new government initiatives. Networking events happening every month f Technopark. Also, free workshops on business development available online. Experience dyali shows that now is the perfect time to start. Share your business ideas wla success stories f comments!'),
(4, 0, 'Healthy Ftour Ideas', 'Healthy breakfast ideas mjmo3in from nutritionists w fitness experts! Lbid meslou9 (high protein w healthy fats), variety of seasonal fruits (vitamins w antioxidants), w greek yogurt with chia seeds (protein w omega-3). Stay healthy f ramdan with these tips: 1) Always bda b ma w tmr, 2) Avoid deep fried food f shkour, 3) Add protein f kul meal, 4) Keep hydrated bin ftour w shkour. Menu suggestion: Morning: Smoothie with spinach, banana, w almond milk. Afternoon snack: Handful of nuts w dates. Evening: Grilled chicken with quinoa w vegetables. Nutritionist dyalna also recommends portion control w slow eating. Join our healthy eating community on Facebook - daily tips w meal plans available!'),
(5, 0, 'Breaking: New Metro Project', 'Finally! Casablanca announcing new metro lines! Construction ghadi tbda next year with completion estimated f 2027. Project details: 4 main lines covering 76km total, connecting casa port to ain sbaa, and sidi moumen to ain diab. Budget approved: 40 billion dirhams. First phase ghadi covers 25km with 18 stations. Environmental impact study completed with positive results. Expected to reduce traffic by 30%. New job opportunities: 5000 during construction w 1000 permanent positions. Ticketing system ghadi ykun integrated with tramway. Park and ride facilities f major stations. Public consultation starting next month - everyone invited to share feedback. This project ghadi revolutionize transport f casa!'),
(6, 0, 'Tech Tips', 'Best laptops for 2024: Detailed comparison bin MacBook vs Dell XPS. Ana personally kan recommend MacBook Air M2 for these reasons: Battery life incredible (up to 18 hours), performance outstanding especially for creative work, build quality premium bzaf. Price comparison: Base model starts at 13000dh. Dell XPS also mzian with great features: Better port selection, touchscreen option available, more upgradeable. Performance tests: Photoshop - MacBook 25% faster, Video editing - similar performance, Gaming - Dell better option. Students get special discounts on both. Important factors to consider: Budget, primary use, software compatibility. Personal experience: Used both for 6 months, MacBook more reliable for daily tasks.'),
(7, 0, 'Botola Pro Analysis', 'Standings update detail: WAC (38 points), Raja (36 points), w FAR (34 points) leading the table. Last 5 matches analysis: WAC won 4, drew 1; Raja won 3, drew 1, lost 1; FAR improved with 4 wins straight. Top scorers: Benzarti (WAC) - 12 goals, Hadraf (Raja) - 10 goals, Jabrane (FAR) - 9 goals. Upcoming crucial matches: WAC vs FAR next week, Raja facing Olympic Safi. Injury updates: 3 key players out for WAC, Raja recovering their captain. Statistics showing interesting trends: More goals scored f second half, increase in young player participation. Chi predictions for champion? Share your analysis! Also discussing transfer window rumors w potential impact on title race.'),
(8, 0, 'Small Business Success Story', 'How I started my online business mn dar w now employing 10 people! Timeline: Month 1 - Research w planning, Month 2 - Website development, Month 3 - First sales. Initial investment kant 5000dh. Marketing strategy focused on social media w word of mouth. Key challenges: Payment solutions, delivery logistics, customer trust. Solutions: Partnership with local delivery companies, secure payment gateway integration. Tips w tricks for entrepreneurs: 1) Start small w test your market, 2) Focus on customer service, 3) Build strong social media presence, 4) Keep tracking your numbers, 5) Network with other business owners. Revenue growth: 300% f first year. Future plans: Expansion to other cities, new product lines. Free mentoring available for aspiring entrepreneurs - DM for details!'),
(9, 0, 'Mental Health Awareness', 'Depression machi hchoma w its time we normalize seeking help f community dyalna. Signs to watch for: Changes f sleep patterns, loss of interest f activities, constant fatigue. Professional help available: List of certified therapists f major cities. Online counseling options also available. Personal experience: 6 months of therapy helped overcome anxiety. Support groups meeting weekly f Rabat w Casa. Important statistics: 1 in 4 people affected by mental health issues. Resources available: Free helpline 24/7, support groups on Facebook, educational materials f darija. Family support crucial f recovery process. Tips for mental wellness: Regular exercise, healthy diet, adequate sleep, meditation. Remember: Mental health is just as important as physical health.'),
(10, 0, 'Local News Update', 'New cultural center f Rabat opening next week! Location: Hay Riad, 3000 square meters. Facilities include: Theater (500 seats), art galleries, music studios, workshop spaces. Opening event features: Live music from local artists, art exhibitions, traditional crafts display. Free workshops first month: Photography, painting, traditional music. Registration mftuha for all ages. Parking available for 200 cars. Monthly membership: 200dh, student discount available. Special programs for children during weekends. Partnership with international cultural institutions. Evening events planned: Weekly concerts, monthly film screenings, poetry nights. Job opportunities available - check website for details. Cultural exchange programs starting next month.'),
(11, 0, 'AI Development in Morocco', 'Morocco investing heavily f artificial intelligence! New training centers f Casa, Rabat, w Marrakech. Partnership with international tech companies confirmed. Programs available: Machine Learning, Data Science, AI Applications. Duration: 6 months to 2 years. Job placement assistance included. Success rate of previous programs: 85% employment after graduation. Industry partners include major banks w telecom companies. Research opportunities available for students. Government funding allocated: 500 million dirhams over 5 years. Focus areas: Healthcare AI applications, Smart agriculture, Financial technology. Scholarship opportunities available for talented students. Online courses also available - starting next month. Future projects include AI research lab f Technopark.'),
(12, 0, 'Women''s Football Tournament', 'National women''s team qualified for major tournament! Historic moment for Moroccan sports. Team statistics: Won 6 out of 7 qualification matches, scored 15 goals, conceded only 3. Star player scored 7 goals f qualifiers. Training camp starting next month f Maamoura. New facilities dedicated to women''s football development. Youth program expanded to include 12 cities. Sponsorship deals announced with major brands. Tournament preparation includes friendly matches against top teams. Coach interview: "Team spirit w dedication was key to success." Fan support growing - last match attended by 20,000 supporters. Live broadcast confirmed for all tournament matches. Special fan zones planned f major cities.'),
(13, 0, 'Startup Funding News', 'Moroccan startups raised 50M USD this year! Breakdown by sector: Fintech 40%, E-commerce 30%, Health-tech 20%, Others 10%. Success stories include 3 major exits. Investor interest from Europe w Gulf increasing. Local venture capital funds launched new programs. Government incentives announced for tech startups. Average funding round size doubled compared to last year. Success factors identified: Strong team, clear market need, scalable solution. Entrepreneurship scene growing fast with new incubators opening. Application process for next funding cycle starting soon. Mentorship programs available for early-stage startups. International partnerships creating new opportunities. Future outlook very positive for Moroccan startup ecosystem.'),
(14, 0, 'Covid Update', 'New health guidelines announced today. Latest statistics: Cases stable, vaccination rate at 75%. New vaccination centers locations updated f website. Booster shots available for eligible groups. Prevention measures: Regular hand washing, mask f crowded places, social distancing when possible. Travel requirements updated - check official website. Testing facilities available 24/7 f major hospitals. Mobile vaccination units serving rural areas. Online appointment system improved. Recovery rate remains high at 98%. Mental health support available for affected families. Economic support programs continuing for affected businesses. Keep safe w stay healthy by following guidelines.'),
(15, 0, 'Tech Event in Tangier', 'Digital transformation conference coming to Tangier next month! Three-day event featuring international speakers. Topics covered: Cloud Computing, Cybersecurity, Digital Marketing, AI Applications. Workshops available in English w French. Networking opportunities with industry leaders. Exhibition area for tech companies. Student discount available - 50% off regular price. Early bird registration closing next week. Online streaming option available. Certificate of participation provided. Job fair organized on final day. Major tech companies confirmed attendance. Schedule includes hands-on training sessions. Register now - limited seats available!'),
(16, 0, 'Sports Academy Opening', 'New sports academy f Marrakech! Facilities include: Olympic-size swimming pool, football fields, tennis courts, indoor gymnasium. Professional coaches from Morocco w abroad. Programs for all ages w skill levels. Special focus on youth development. Partnership with European clubs confirmed. Scholarship opportunities for talented athletes. Training programs in multiple sports. Modern equipment w facilities. Registration mftuha - special opening rates available. Summer camps planned. Transportation provided from city center. Medical staff on site. Regular tournaments w competitions organized. Join now w start your sports journey!'),
(17, 0, 'E-commerce Growth', 'Online shopping trends f Morocco 2024 showing explosive growth! Statistics: 70% increase f online transactions, 2 million new online shoppers. Local brands going digital - success stories w challenges. Popular categories: Fashion, Electronics, Home goods. Mobile shopping dominating with 80% of transactions. Payment methods: Cards, Mobile money, Cash on delivery. Customer behavior analysis: Peak shopping hours, popular products. Security measures implemented by major platforms. Delivery networks expanding to rural areas. International brands entering market. Future predictions: Continued growth, new technologies adoption. Consumer protection measures strengthened. Tips for online shopping safety.'),
(18, 0, 'Fitness Challenge', '30-day fitness challenge designed by professional coaches! Daily workout plans for all levels. Nutrition guide included. Online support group for motivation. Before w after tracking system. Prizes for top performers. Weekly live sessions with trainers. Customized plans for different goals. Equipment needed: Basic home exercise kit. Progress tracking through dedicated app. Expert advice available 24/7. Success stories from previous challenges. Join our community w stay motivated throughout your fitness journey! Healthy recipes included. Special focus on sustainable lifestyle changes.'),
(19, 0, 'Economic News', 'Morocco''s economy showing strong recovery! GDP growth exceeding expectations. Key sectors: Tourism, Manufacturing, Agriculture. Foreign investment increasing - new projects announced. Job market improving with new opportunities. Export numbers up by 25%. Tourism recovery: 80% of pre-pandemic levels. Manufacturing sector expansion creating jobs. Agricultural exports breaking records. Banking sector introducing new services. Real estate market stabilizing. Small business support programs launched. Future outlook positive with sustained growth expected. International partnerships strengthening. Development projects on track.'),
(20, 0, 'Smart City Projects', 'Smart city initiatives transforming major cities! Projects include: Smart parking, Public WiFi, Waste management systems. Implementation timeline: 2024-2026. Budget allocated: 2 billion dirhams. Environmental impact: 30% reduction in energy usage expected. Traffic management systems reducing congestion. Smart lighting saving energy costs. Digital services for citizens expanding. Mobile app launching next month. Public transportation integration planned. Security cameras with AI capabilities. Smart water management reducing waste. Citizen feedback system implemented. Future phases including more services. Technology transforming urban life for better!');

-- Insert Posts Categories (some posts in multiple categories)
INSERT INTO posts_categories (post_id, category_id) VALUES
(1, 1), -- Technology
(1, 3), -- 
(2, 1), -- Technology
(2, 2), -- 
(2, 3), -- 
(2, 4), -- 
(2, 5), -- 
(3, 3), -- Business
(4, 4), -- Health
(5, 5), -- News
(6, 1), (6, 3), -- Tech & Business
(7, 2), (7, 5), -- Sport & News
(8, 3), -- Business
(9, 4), (9, 5), -- Health & News
(10, 5), -- News
(11, 1), (11, 3), -- Tech & Business
(12, 2), (12, 5), -- Sport & News
(13, 3), (13, 5), -- Business & News
(14, 4), (14, 5), -- Health & News
(15, 1), (15, 3), -- Tech & Business
(16, 2), (16, 4), -- Sport & Health
(17, 1), (17, 3), -- Tech & Business
(18, 2), (18, 4), -- Sport & Health
(19, 3), (19, 5), -- Business & News
(20, 1), (20, 5); -- Tech & News

-- Technology post comments
INSERT INTO comments (post_id, user_id, hidden, content) VALUES
(1, 9, 0, 'I’m so excited to see initiatives like Zone 01 Oujda growing in Morocco. Tech skills are the future!'),
(1, 6, 0, 'Zone 01 Oujda is exactly what Morocco needs to develop its digital economy. Can’t wait to see more success stories!'),
(1, 7, 0, 'It’s amazing how Zone 01 Oujda is empowering young people with valuable skills that will open so many doors!'),
(1, 8, 0, 'I love that they provide 24/7 access to the campus. It shows they really care about the students'' success!'),
(1, 10, 0, 'Zone 01 Oujda is setting the standard for tech education in Morocco. This is just the beginning!'),
(1, 11, 0, 'Such an incredible initiative for young Moroccans who want to make a mark in the tech world.'),
(1, 12, 0, 'Can anyone share their experience at Zone 01 Oujda? I’m considering applying!'),
(1, 13, 0, 'I really appreciate how they make coding accessible to everyone, no matter their background.'),
(1, 14, 0, 'Great to see the Moroccan government supporting programs like Zone 01 Oujda to empower youth and grow the tech ecosystem.'),
(1, 15, 0, 'It’s fantastic to see an education program that not only teaches coding but also helps students transition into real jobs!'),
(1, 16, 0, 'This is the future of education, hands-on and practical, with a clear path to employment.'),
(1, 17, 0, 'I’m inspired by the success stories coming out of Zone 01 Oujda. It’s changing lives!'),
(1, 18, 0, 'Zone 01 Oujda for giving young people the chance to succeed in the digital economy.'),
(1, 19, 0, 'It’s inspiring to see tech education become more accessible in Morocco. Keep up the great work, Zone 01 Oujda!'),
(1, 20, 0, 'Zone 01 Oujda is definitely a game-changer for the future of technology education in Morocco. Can’t wait to see it grow!'),
(2, 9, 0, 'I wish RS Berkane win the Botola Pro, they deserve it'),
(2, 6, 0, 'Berkane really is underrated. Great people and views!'),
(2, 7, 0, 'Just visited last summer. The beaches in saidia are so peaceful!'),
(2, 8, 0, 'Been living here for 2 years, and I’ve never wanted to leave!'),
(2, 12, 0, 'Anyone know the best places for hiking around Berkane?'),
(2, 13, 0, 'I fell in love with Berkane the moment I stepped foot here.'),
(2, 15, 0, 'Is it safe to walk around the city late at night?'),
(2, 16, 0, 'Berkane’s markets are so vibrant. Great for souvenirs!'),
(2, 18, 0, 'Anyone knows where I can get the best traditional clothes here?'),
(2, 19, 0, 'The local people are so friendly and welcoming. Love this city!'),
(6, 2, 0, 'Match of the year! Raja played beautifully'),
(7, 2, 0, 'Referee decisions kant questionable'),
(8, 2, 0, 'Atmosphere f l3arena kant incredible'),
(9, 2, 0, 'Next derby ghadi tkoun more exciting'),
(10, 3, 0, 'Interested f collaboration! DM me details'),
(11, 3, 0, 'Startup scene really improving f Casa'),
(12, 3, 0, 'We need more investors though'),
(13, 3, 0, 'Can you share more about digital marketing opportunities?'),
(14, 4, 0, 'Great healthy ideas! Ana zdt smoothies for energy'),
(15, 5, 0, 'Finally! Transportation f Casa needs this'),
(16, 6, 0, 'MacBook definitely worth it for developers'),
(17, 7, 0, 'WAC deserves the lead this season'),
(18, 8, 0, 'Very inspiring! Keep up the good work'),
(19, 9, 0, 'Important topic, thank you for bringing awareness'),
(20, 10, 0, 'Cultural events are exactly what we need'),
(1, 11, 0, 'AI is the future, glad Morocco is investing'),
(2, 12, 0, 'So proud of our women''s team!'),
(3, 13, 0, 'Great news for the startup ecosystem'),
(4, 14, 0, 'Health guidelines are very clear, thanks'),
(5, 15, 0, 'Will definitely attend the conference'),
(6, 16, 0, 'Great initiative for young athletes'),
(7, 17, 0, 'Online shopping really improved this year'),
(8, 18, 0, 'Joined the challenge! Let''s do this'),
(9, 19, 0, 'Economy looking strong for 2024'),
(10, 20, 0, 'Smart cities initiative is impressive');

-- Insert Post Reactions (100 reactions across different posts)
INSERT INTO post_reactions (user_id, post_id, reaction) VALUES
-- Technology post reactions
(1, 1, 'like'),
(2, 1, 'like'), 
(3, 1, 'like'), 
(4, 1, 'dislike'), 
(5, 1, 'like'),
(6, 1, 'like'),
(7, 1, 'like'),
(8, 1, 'like'),
(9, 1, 'like'),
(10, 1, 'like'),
(11, 1, 'like'),
(12, 1, 'like'),
(13, 1, 'like'),
(14, 1, 'like'),
(15, 1, 'like'),
(16, 1, 'like'),
(18, 1, 'like'),
(19, 1, 'like'),
(20, 1, 'like'),
(2, 2, 'like'), 
(3, 2, 'like'), 
(4, 2, 'dislike'), 
(6, 2, 'like'),
(7, 2, 'like'),
(8, 2, 'like'),
(10, 2, 'like'),
(11, 2, 'like'),
(12, 2, 'like'),
(14, 2, 'like'),
(15, 2, 'like'),
(17, 2, 'like'),
(18, 2, 'like'),
(20, 2, 'like'),
-- Business post reactions
(11, 3, 'like'), (12, 3, 'like'), (13, 3, 'like'), (14, 3, 'like'), (15, 3, 'like'),
-- Health post reactions
(16, 4, 'like'), (17, 4, 'like'), (18, 4, 'dislike'), (19, 4, 'like'), (20, 4, 'like'),
-- News post reactions
(1, 5, 'like'), (2, 5, 'like'), (3, 5, 'like'), (4, 5, 'like'), (5, 5, 'dislike'),
-- Additional reactions for various posts
(6, 6, 'like'), (7, 6, 'like'), (8, 6, 'like'), (9, 6, 'like'), (10, 6, 'like'),
(11, 7, 'like'), (12, 7, 'dislike'), (13, 7, 'like'), (14, 7, 'like'), (15, 7, 'like'),
(16, 8, 'like'), (17, 8, 'like'), (18, 8, 'like'), (19, 8, 'dislike'), (20, 8, 'like'),
(1, 9, 'like'), (2, 9, 'like'), (3, 9, 'like'), (4, 9, 'like'), (5, 9, 'like'),
(6, 10, 'like'), (7, 10, 'dislike'), (8, 10, 'like'), (9, 10, 'like'), (10, 10, 'like'),
(11, 11, 'like'), (12, 11, 'like'), (13, 11, 'like'), (14, 11, 'dislike'), (15, 11, 'like'),
(16, 12, 'like'), (17, 12, 'like'), (18, 12, 'like'), (19, 12, 'like'), (20, 12, 'like'),
(1, 13, 'like'), (2, 13, 'dislike'), (3, 13, 'like'), (4, 13, 'like'), (5, 13, 'like'),
(6, 14, 'like'), (7, 14, 'like'), (8, 14, 'like'), (9, 14, 'dislike'), (10, 14, 'like'),
(11, 15, 'like'), (12, 15, 'like'), (13, 15, 'like'), (14, 15, 'like'), (15, 15, 'like'),
(16, 16, 'like'), (17, 16, 'dislike'), (18, 16, 'like'), (19, 16, 'like'), (20, 16, 'like'),
(1, 17, 'like'), (2, 17, 'like'), (3, 17, 'like'), (4, 17, 'dislike'), (5, 17, 'like'),
(6, 18, 'like'), (7, 18, 'like'), (8, 18, 'like'), (9, 18, 'like'), (10, 18, 'like'),
(11, 19, 'like'), (12, 19, 'dislike'), (13, 19, 'like'), (14, 19, 'like'), (15, 19, 'like'),
(16, 20, 'like'), (17, 20, 'like'), (18, 20, 'like'), (19, 20, 'dislike'), (20, 20, 'like');