-- Insert Users
INSERT INTO users (first_name, last_name, nickname, email, age, gender, password) VALUES
('John', 'Doe', 'user1', 'user1@example.com', 25, 'male', 'password1'),
('Jane', 'Smith', 'user2', 'user2@example.com', 30, 'female', 'password2'),
('Alice', 'Johnson', 'user3', 'user3@example.com', 22, 'female', 'password3'),
('Bob', 'Brown', 'user4', 'user4@example.com', 27, 'male', 'password4'),
('Charlie', 'Davis', 'user5', 'user5@example.com', 35, 'male', 'password5'),
('Eve', 'Miller', 'user6', 'user6@example.com', 28, 'female', 'password6'),
('Frank', 'Wilson', 'user7', 'user7@example.com', 24, 'male', 'password7'),
('Grace', 'Moore', 'user8', 'user8@example.com', 31, 'female', 'password8'),
('Hank', 'Taylor', 'user9', 'user9@example.com', 26, 'male', 'password9'),
('Ivy', 'Anderson', 'user10', 'user10@example.com', 29, 'female', 'password10'),
('Jack', 'Thomas', 'user11', 'user11@example.com', 32, 'male', 'password11'),
('Kathy', 'Jackson', 'user12', 'user12@example.com', 33, 'female', 'password12'),
('Louis', 'White', 'user13', 'user13@example.com', 30, 'male', 'password13'),
('Mona', 'Harris', 'user14', 'user14@example.com', 34, 'female', 'password14'),
('Nate', 'Martin', 'user15', 'user15@example.com', 22, 'male', 'password15'),
('Olivia', 'Thompson', 'user16', 'user16@example.com', 25, 'female', 'password16'),
('Paul', 'Garcia', 'user17', 'user17@example.com', 29, 'male', 'password17'),
('Quincy', 'Martinez', 'user18', 'user18@example.com', 36, 'male', 'password18'),
('Rita', 'Roberts', 'user19', 'user19@example.com', 40, 'female', 'password19'),
('Sam', 'Walker', 'user20', 'user20@example.com', 41, 'male', 'password20');

-- Insert Posts
INSERT INTO posts (user_id, title, content) VALUES
(1, 'Post 1 Title', 'Content of post 1'),
(2, 'Post 2 Title', 'Content of post 2'),
(3, 'Post 3 Title', 'Content of post 3'),
(4, 'Post 4 Title', 'Content of post 4'),
(5, 'Post 5 Title', 'Content of post 5'),
(6, 'Post 6 Title', 'Content of post 6'),
(7, 'Post 7 Title', 'Content of post 7'),
(8, 'Post 8 Title', 'Content of post 8'),
(9, 'Post 9 Title', 'Content of post 9'),
(10, 'Post 10 Title', 'Content of post 10'),
(11, 'Post 11 Title', 'Content of post 11'),
(12, 'Post 12 Title', 'Content of post 12'),
(13, 'Post 13 Title', 'Content of post 13'),
(14, 'Post 14 Title', 'Content of post 14'),
(15, 'Post 15 Title', 'Content of post 15'),
(16, 'Post 16 Title', 'Content of post 16'),
(17, 'Post 17 Title', 'Content of post 17'),
(18, 'Post 18 Title', 'Content of post 18'),
(19, 'Post 19 Title', 'Content of post 19'),
(20, 'Post 20 Title', 'Content of post 20'),
(1, 'Post 21 Title', 'Content of post 21'),
(2, 'Post 22 Title', 'Content of post 22'),
(3, 'Post 23 Title', 'Content of post 23'),
(4, 'Post 24 Title', 'Content of post 24'),
(5, 'Post 25 Title', 'Content of post 25'),
(6, 'Post 26 Title', 'Content of post 26'),
(7, 'Post 27 Title', 'Content of post 27'),
(8, 'Post 28 Title', 'Content of post 28'),
(9, 'Post 29 Title', 'Content of post 29'),
(10, 'Post 30 Title', 'Content of post 30'),
(11, 'Post 31 Title', 'Content of post 31'),
(12, 'Post 32 Title', 'Content of post 32'),
(13, 'Post 33 Title', 'Content of post 33'),
(14, 'Post 34 Title', 'Content of post 34'),
(15, 'Post 35 Title', 'Content of post 35');

-- Link Posts with Categories
INSERT INTO posts_categories (post_id, category_id) VALUES
(1, 1), (2, 2), (3, 3), (4, 4), (5, 5),
(6, 1), (7, 2), (8, 3), (9, 4), (10, 5),
(11, 1), (12, 2), (13, 3), (14, 4), (15, 5),
(16, 1), (17, 2), (18, 3), (19, 4), (20, 5),
(21, 1), (22, 2), (23, 3), (24, 4), (25, 5),
(26, 1), (27, 2), (28, 3), (29, 4), (30, 5),
(31, 1), (32, 2), (33, 3), (34, 4), (35, 5);

-- Insert Comments
INSERT INTO comments (user_id, post_id, content) VALUES
(1, 1, 'Additional Comment 1 on Post 1'),
(2, 1, 'Additional Comment 2 on Post 1'),
(3, 1, 'Additional Comment 3 on Post 1'),
(4, 1, 'Additional Comment 4 on Post 1'),
(5, 1, 'Additional Comment 5 on Post 1'),
(6, 1, 'Additional Comment 6 on Post 1'),
(7, 1, 'Additional Comment 7 on Post 1'),
(8, 1, 'Additional Comment 8 on Post 1'),
(9, 1, 'Additional Comment 9 on Post 1'),
(10, 1, 'Additional Comment 10 on Post 1'),
(11, 1, 'Additional Comment 11 on Post 1'),
(12, 1, 'Additional Comment 12 on Post 1'),
(13, 1, 'Additional Comment 13 on Post 1'),
(14, 1, 'Additional Comment 14 on Post 1'),
(15, 1, 'Additional Comment 15 on Post 1'),
(16, 1, 'Additional Comment 16 on Post 1'),
(17, 1, 'Additional Comment 17 on Post 1'),
(18, 1, 'Additional Comment 18 on Post 1'),
(19, 1, 'Additional Comment 19 on Post 1'),
(20, 1, 'Additional Comment 20 on Post 1'),
(20, 1, 'Additional Comment 21 on Post 1'),
(20, 1, 'Additional Comment 22 on Post 1'),
(20, 1, 'Additional Comment 23 on Post 1'),
(20, 1, 'Additional Comment 24 on Post 1'),
(20, 1, 'Additional Comment 25 on Post 1'),

(1, 2, 'Additional Comment 1 on Post 2'),
(2, 2, 'Additional Comment 2 on Post 2'),
(3, 2, 'Additional Comment 3 on Post 2'),
(4, 2, 'Additional Comment 4 on Post 2'),
(5, 2, 'Additional Comment 5 on Post 2'),
(6, 2, 'Additional Comment 6 on Post 2'),
(7, 2, 'Additional Comment 7 on Post 2'),
(8, 2, 'Additional Comment 8 on Post 2'),
(9, 2, 'Additional Comment 9 on Post 2'),
(10, 2, 'Additional Comment 10 on Post 2'),
(11, 2, 'Additional Comment 11 on Post 2'),
(12, 2, 'Additional Comment 12 on Post 2'),
(13, 2, 'Additional Comment 13 on Post 2'),
(14, 2, 'Additional Comment 14 on Post 2'),
(15, 2, 'Additional Comment 15 on Post 2'),
(16, 2, 'Additional Comment 16 on Post 2'),
(17, 2, 'Additional Comment 17 on Post 2'),
(18, 2, 'Additional Comment 18 on Post 2'),
(19, 2, 'Additional Comment 19 on Post 2'),
(20, 2, 'Additional Comment 20 on Post 2'),
(20, 2, 'Additional Comment 21 on Post 2'),
(20, 2, 'Additional Comment 22 on Post 2'),
(20, 2, 'Additional Comment 23 on Post 2'),
(20, 2, 'Additional Comment 24 on Post 2'),
(20, 2, 'Additional Comment 25 on Post 2');

-- Insert conversation messages between user 21 and 22
INSERT INTO messages (sender, receiver, message, sent_at) VALUES
(1, 2, 'Salam, labas 3lik?', '2024-01-14 10:15:23'),
(2, 1, 'Hamdullah labas, nta labas?', '2024-01-14 10:16:45'),
(1, 2, 'Hamdullah kulshi mzyan. Chno ka dir lyoum?', '2024-01-14 10:17:30'),
(2, 1, 'Ghadi n5dem chwiya, nta?', '2024-01-14 10:18:12'),
(1, 2, 'Ana ghadi nemchi l cafe m3a sahbi', '2024-01-14 10:20:45'),
(2, 1, 'Zwin, fine ghadi temchiw?', '2024-01-14 10:22:18'),
(1, 2, 'L cafe ljdid li f wast lmdina', '2024-01-14 10:23:05'),
(2, 1, 'Ah zwin hadak! Chrbto fih atay zwin', '2024-01-14 10:25:30'),
(1, 2, 'Wach bghiti tji m3ana?', '2024-01-14 10:26:15'),
(2, 1, 'La choukran, 3endi bezaf l5edma lyoum', '2024-01-14 10:27:45'),
(1, 2, 'Merra jaya inchallah', '2024-01-14 14:35:20'),
(2, 1, 'Kifach kan lqhwa?', '2024-01-14 16:40:12'),
(1, 2, 'Kant mzyana bzaf, w latay kan bnin', '2024-01-14 16:42:33'),
(2, 1, 'Zwin, khasni nemchi ana shi nhar', '2024-01-14 16:45:18'),
(1, 2, 'Wach 3ndek plans ghedda?', '2024-01-14 20:15:45'),
(2, 1, 'La mazal, 3lach?', '2024-01-14 20:17:22'),
(1, 2, 'Yallah nemchiw njerboh?', '2024-01-14 20:18:55'),
(2, 1, 'Wah mttafq, ach men sa3a?', '2024-01-14 20:20:30'),
(1, 2, 'Ki ghadi lik f 4?', '2024-01-14 20:21:15'),
(2, 1, 'Mzyan, ana mttafq', '2024-01-14 20:22:40'),
(1, 2, 'Safi ghada nltaqaw temma', '2024-01-14 20:23:18'),
(2, 1, 'Safi mttafqin', '2024-01-14 20:24:05'),
(1, 2, 'Sbah l5ir, mazal mttafq l lyoum?', '2024-01-15 09:10:23'),
(2, 1, 'Wah akid, mazal ghadin', '2024-01-15 09:12:45'),
(1, 2, 'Mzyan, ana ghadi nkoun temma f 4 bdbt', '2024-01-15 09:15:30'),
(2, 1, 'Ok, ana tan ghadi nkoun f lwa9t', '2024-01-15 09:17:18'),
(1, 2, 'Perfect, hta lmcha', '2024-01-15 09:18:25'),
(2, 1, 'Hta lmcha', '2024-01-15 09:19:10'),
(1, 2, 'Ana wselt l cafe, fin nti?', '2024-01-15 16:00:05'),
(2, 1, 'F tri9 jay, wselt f 5 dqayq', '2024-01-15 16:01:30');